ID,Title,Description,Views,Pages,Uploader,Upload Date,Thumbnail URL
183228847,RPP Matematika,"Rencana Pelaksanaan Pembelajaran (RPP) ini membahas tentang pembelajaran matematika di SDN 7 Maligano untuk kelas 4 semester 1. Materi yang diajarkan adalah mengenal sifat-sifat operasi hitung bilangan, yang mencakup penjumlahan, perkalian, dan pengurutan bilangan. Pembelajaran dilaksanakan dalam 2 pertemuan dengan menggunakan berbagai metode seperti demonstrasi, diskusi kelompok, dan pemecahan masalah.",353,15,Septian Raha,"November 11, 2013",https://imgv2-1-f.scribdassets.com/img/document/183228847/298x396/f16752c01a/0?v=1
514018954,RPP Matematika,"Rencana pelaksanaan pembelajaran ini membahas tentang pembelajaran pecahan di kelas 4 semester 1. Materi yang diajarkan adalah konsep pecahan, penulisan pecahan, dan pecahan yang senilai. Siswa akan melakukan kegiatan mengamati, menanya, mencoba, menalar, dan mengomunikasikan untuk memahami pecahan dengan model konkret seperti kardus dan gambar. Tujuannya agar siswa dapat menjelaskan berbagai bentuk pecahan dan hubungannya.",0,6,Rosanti,"July 3, 2021",https://imgv2-1-f.scribdassets.com/img/document/514018954/298x396/b54f493c8a/0?v=1
364215690,RPP Matematika 1,"Rencana Pelaksanaan Pembelajaran (RPP) ini merangkum rencana pembelajaran mata pelajaran Matematika untuk siswa kelas VII tentang materi Aljabar. RPP ini memuat tujuan pembelajaran untuk mengubah permasalahan sehari-hari menjadi model matematika berupa persamaan dan pertidaksamaan linear satu variabel, serta metode pembelajaran berupa diskusi kelompok dan presentasi hasilnya.",59,12,Muhammad Akmal,"November 12, 2017",https://imgv2-1-f.scribdassets.com/img/document/364215690/298x396/fcd8c424a9/0?v=1
491691379,RPP Matematika Kelas V KTSP,"Rencana Pelaksanaan Pembelajaran (RPP) ini membahas pembelajaran matematika tentang operasi hitung bilangan bulat untuk siswa kelas V semester 1 di PKBM Avicena. Materi ajarannya mencakup penggunaan sifat komutatif, asosiatif, dan distributif serta pembulatan dan penaksiran bilangan. Metode pembelajarannya meliputi demonstrasi, tanya jawab, dan latihan secara individu maupun kelompok dengan diharapkan siswa memiliki",138,139,Pkbm Sanggar 21,"January 22, 2021",https://imgv2-2-f.scribdassets.com/img/document/491691379/298x396/1fdc5d2443/0?v=1
334682977,RPP Matematika,"Rencana pelaksanaan pembelajaran mata pelajaran matematika kelas X/1 SMK AL BASTHOMI MOJOSARI mencakup 4 kompetensi dasar yaitu menerapkan operasi bilangan riil, bilangan berpangkat, bilangan irasional, dan logaritma serta penilaian akhir pembelajaran.",96,47,KaiZen PuTra Middle,"December 20, 2016",https://imgv2-1-f.scribdassets.com/img/document/334682977/298x396/787c985a5f/0?v=1
593076921,RPP Matematika,"RPP ini merangkum rencana pelaksanaan pembelajaran mata pelajaran Matematika Statistika untuk siswa kelas XII SMA Nurul Yaqin. Materi yang diajarkan meliputi penyajian data, ukuran pemusatan data, dan ukuran penyebaran data. Metode pembelajaran yang digunakan adalah ceramah, diskusi, dan problem based learning. Asesmen siswa dilakukan dengan menyelesaikan lembar kerja mengenai tabel distribusi frekuensi, histogram, dan pol",0,12,riri,"September 9, 2022",https://imgv2-1-f.scribdassets.com/img/document/593076921/298x396/45ad5f3406/0?v=1
504397519,RPP Matematika,"Rencana pelaksanaan pembelajaran mata pelajaran matematika kelas 2 ini membahas tentang pengajaran konsep pecahan 1/2, 1/3, dan 1/4 menggunakan benda konkret seperti roti, pizza, dan kue kepada siswa melalui pendekatan saintifik dan strategi belajar kooperatif.",0,38,Anisa Nurul Fadhilah,"April 23, 2021",https://imgv2-1-f.scribdassets.com/img/document/504397519/298x396/79c3478916/0?v=1
561354012,RPP Matematika K13,"Rencana Pelaksanaan Pembelajaran (RPP) ini membahas tentang pembelajaran matematika di MI Al-Jauharotun Naqiyyah untuk kelas IV semester 1. Materi yang diajarkan adalah pengukuran sudut, waktu, panjang, dan berat. Pembelajaran akan dilaksanakan secara blended learning menggunakan LKPD dan PPT selama 3 pertemuan dengan tujuan agar siswa memahami konsep-konsep tersebut dan mampu menyelesaikan soal-",23,9,Alifhia safira Safira,"February 26, 2022",https://imgv2-1-f.scribdassets.com/img/document/561354012/298x396/f127aa94ee/0?v=1
727162783,RPP Matematika 1,"Rencana Pelaksanaan Pembelajaran (RPP) ini membahas tentang pembelajaran matematika tentang segi banyak beraturan dan tidak beraturan untuk siswa kelas 4 SDN Batokerbuy 3. RPP ini menjelaskan tujuan, materi, metode, dan langkah pembelajaran serta penilaian siswa.",0,6,sptrnm6,"April 27, 2024",https://imgv2-1-f.scribdassets.com/img/document/727162783/298x396/59a29b0b68/0?v=1
503906445,RPP Matematika,"Rencana pelaksanaan pembelajaran daring ini membahas tentang pelajaran Matematika di SMP kelas VII tentang Bilangan. Pembelajaran akan dilaksanakan secara daring melalui media seperti WhatsApp, Google Classroom, dan Zoom selama 2 pertemuan dengan alokasi waktu 2 x 40 menit. Pembelajaran akan meliputi pengenalan bilangan bulat, operasi penjumlahan dan pengurangan bilangan bulat, serta sifat-sifat operasi tersebut. Kegiatan pembelajaran m",105,21,PURWA,"April 21, 2021",https://imgv2-1-f.scribdassets.com/img/document/503906445/298x396/d3f95469d0/0?v=1
425555111,RPP Matematika Devi,"Rencana Pelaksanaan Pembelajaran (RPP) ini membahas pelajaran Matematika kelas XII tentang materi Matriks. RPP ini menjelaskan kompetensi inti dan kompetensi dasar, tujuan pembelajaran, materi pelajaran, pendekatan pembelajaran, sumber belajar, dan kegiatan pembelajaran yang terdiri atas pendahuluan, inti, dan penutup untuk dua pertemuan.",0,64,Dvee Yanti,"September 12, 2019",https://imgv2-1-f.scribdassets.com/img/document/425555111/298x396/72f2388cf6/0?v=1
367882681,RPP Matematika,"Rencana pelaksanaan pembelajaran (RPP) ini membahas pelajaran matematika tentang pangkat bilangan bulat untuk siswa kelas VII SMP. RPP ini menjelaskan tujuan pembelajaran, kompetensi dasar, indikator pencapaian, materi ajar, metode pembelajaran, media, sumber belajar, dan kegiatan pembelajaran yang terdiri dari pendahuluan dan inti.",38,17,deni,"December 26, 2017",https://imgv2-2-f.scribdassets.com/img/document/367882681/298x396/07e9470523/0?v=1
26758679,RPP Matematika Logika,"Rangkuman dokumen Rencana Pelaksanaan Pembelajaran (RPP) mata pelajaran Matematika kelas X semester 2 tentang logika matematika dalam 3 kalimat:

RPP ini membahas tentang pembelajaran logika matematika, terutama pernyataan dan negasinya. Siswa diajarkan untuk membedakan pernyataan dan bukan pernyataan, serta menentukan nilai kebenaran pernyataan dan negasinya. Metode pembelajaran yang digunakan antara lain ceram",99,29,Meng Sucarman,"February 12, 2010",https://imgv2-1-f.scribdassets.com/img/document/26758679/298x396/94ccc0f6a4/0?v=1
719144829,RPP matematika,RPP Matematika untuk,0,11,Dian Pratiwi,"April 2, 2024",https://imgv2-2-f.scribdassets.com/img/document/719144829/298x396/a8dc7ff178/0?v=1
750961538,1.4 RPP NILAI MUTLAK,RPP Nilai Mutlak K13,0,3,istiana.matematika,"July 16, 2024",https://imgv2-1-f.scribdassets.com/img/document/750961538/298x396/130aea2b0b/0?v=1
680992809,RPP Matematika,"Modul 1, 2, dan 3 membahas rencana pelaksanaan pembelajaran (RPP) untuk mata pelajaran pendidikan matematika di SD yang mencakup tujuan pembelajaran, kegiatan pembelajaran, dan tahapan-tahapan pembelajaran matematika sesuai teori perkembangan kognitif anak.",0,74,Mahasiswabaru sdm,"October 30, 2023",https://imgv2-2-f.scribdassets.com/img/document/680992809/298x396/7873d70486/0?v=1
864839285,RPP MATEMATIKA,"Dokumen ini adalah Rencana Pelaksanaan Pembelajaran (RPP) untuk mata pelajaran Matematika di SD/MI, yang mencakup pembelajaran tentang penjumlahan dan pengurangan pecahan untuk kelas 4 dan penjumlahan bilangan bulat negatif untuk kelas 6. RPP ini mencakup kompetensi inti, kompetensi dasar, tujuan pembelajaran, metode pengajaran, kegiatan pembelajaran, serta penilaian. Setiap sesi pembelajaran dirancang untuk meningkatkan pemahaman siswa melalui pendekatan ilmiah dan pembelajaran kooperatif.",0,9,khairaniputri12,"May 21, 2025",https://imgv2-1-f.scribdassets.com/img/document/864839285/298x396/5ed86cbcb0/0?v=1
492387298,RPP Matematika,"Rencana Pelaksanaan Pembelajaran (RPP) ini membahas pelajaran matematika kelas VI tentang operasi hitung bilangan bulat dan akar pangkat tiga bilangan kubik. RPP ini menjelaskan standar kompetensi, kompetensi dasar, indikator, tujuan pembelajaran, materi ajar, metode pembelajaran, langkah-langkah pembelajaran, alat/sumber belajar, dan penilaian.",0,67,Ketut Sudarma,"January 28, 2021",https://imgv2-1-f.scribdassets.com/img/document/492387298/298x396/36c9da63d4/0?v=1
750961537,1.3 RPP NILAI MUTLAK,RPP Nilai Mutlak K13,0,3,istiana.matematika,"July 16, 2024",https://imgv2-2-f.scribdassets.com/img/document/750961537/298x396/a90cca2c24/0?v=1
373295688,RPP Matematika,"RPP ini merangkum rencana pelaksanaan pembelajaran mata pelajaran matematika untuk kelas X semester 1 di SMA Negeri 1 Sungailiat. RPP ini menjelaskan kompetensi inti dan dasar, indikator pencapaian kompetensi, tujuan pembelajaran, materi pelajaran tentang persamaan dan pertidaksamaan nilai mutlak dari bentuk linear satu variabel, serta pendekatan dan model pembelajaran yang digunakan yaitu pendekatan saintifik dengan model discovery",102,36,Tiuk Papaya,"March 8, 2018",https://imgv2-2-f.scribdassets.com/img/document/373295688/298x396/aba2d7f608/0?v=1
437287216,RPP Matematika,"Rencana pelaksanaan pembelajaran ini membahas konsep integral tak tentu sebagai kebalikan dari turunan fungsi. Materi pembelajaran meliputi penjelasan konsep integral sebagai antiturunan, rumus dasar dan sifat integral, serta prosedur penyelesaian masalah integral. Tujuan pembelajaran adalah agar siswa memahami konsep integral sebagai antiturunan dan dapat menyelesaikan masalah integral menggunakan rumus dan sifat dasarnya. Metode pem",59,5,dewi lestariani,"November 28, 2019",https://imgv2-1-f.scribdassets.com/img/document/437287216/298x396/e9437ae9d9/0?v=1
626172895,RPP Matematika PPG,"Dokumen tersebut merupakan rencana pelaksanaan pembelajaran (RPP) mata pelajaran matematika tentang aproksimasi pembulatan hasil pengukuran panjang dan berat untuk siswa kelas IV SD. RPP tersebut mencakup kompetensi dasar, indikator, tujuan pembelajaran, materi ajar, model pembelajaran, media dan sumber belajar, langkah pembelajaran, serta penilaian yang akan dilakukan.",0,41,Arini,"February 16, 2023",https://imgv2-2-f.scribdassets.com/img/document/626172895/298x396/a932195add/0?v=1
427577072,RPP Matematika,Rencana pelaksanaan pembelajaran ini membahas tentang persamaan kuadrat dengan akar-akar x1 dan x2 di kelas X SMK melalui diskusi kelompok dan penugasan mandiri siswa untuk meningkatkan keterlibatan aktif siswa dan tanggung jawab belajar secara mandiri.,0,22,anang,"September 26, 2019",https://imgv2-1-f.scribdassets.com/img/document/427577072/298x396/53d4cc7756/0?v=1
523409953,RPP Matematika,"Rencana Pelaksanaan Pembelajaran (RPP) ini membahas tentang pelajaran matematika di SD Negeri 101619 Janjimanaon. RPP ini menjelaskan kompetensi dasar, indikator, tujuan pembelajaran, kegiatan pembelajaran, sumber belajar, dan penilaian untuk materi pecahan senilai di kelas 4 semester 1.",46,9,Robiyah Aldha,"September 6, 2021",https://imgv2-2-f.scribdassets.com/img/document/523409953/298x396/fb68fe3050/0?v=1
542576225,RPP Matematika,"Rencana Pelaksanaan Pembelajaran (RPP) mata pelajaran matematika untuk kelas 4 SDN Gladak Anyar 4 mencakup tujuan pembelajaran tentang pecahan, alokasi waktu 12 jam pelajaran, dan pendekatan saintifik untuk metode pembelajaran seperti diskusi dan demostrasi.",133,24,Yuliana,"November 26, 2021",https://imgv2-2-f.scribdassets.com/img/document/542576225/298x396/49ffbf81a4/0?v=1
858572706,RPP MATEMATIKA,"Dokumen ini adalah Rencana Pelaksanaan Pembelajaran (RPP) untuk mata pelajaran Matematika di SMA, yang berfokus pada materi matriks, termasuk penjumlahan dan pengurangan matriks. RPP ini mencakup tujuan pembelajaran, metode, media, serta langkah-langkah pembelajaran yang melibatkan diskusi dan tanya jawab. Selain itu, RPP ini juga mencakup penilaian menggunakan Lembar Kerja Peserta Didik (LKPD).",0,4,nadyamahanani.smanda,"May 7, 2025",https://imgv2-2-f.scribdassets.com/img/document/858572706/298x396/35e4fd2af7/0?v=1
417435701,RPP Matematika MI,"Rencana Pelaksanaan Pembelajaran (RPP) ini membahas pelajaran Matematika tentang Bangun Datar untuk siswa kelas IV semester 2. RPP ini menjelaskan kompetensi dasar, tujuan pembelajaran, materi pokok, pendekatan dan metode pembelajaran, media yang digunakan, kegiatan pembelajaran yang terdiri dari pendahuluan, inti, dan penutup, serta penugasan dan penilaian.",0,3,Nurfadila tania,"July 15, 2019",https://imgv2-2-f.scribdassets.com/img/document/417435701/298x396/c9d67f4723/0?v=1
587669520,RPP Matematika,"Dokumen ini berisi rencana pelaksanaan pembelajaran (RPP) untuk mata pelajaran matematika tentang operasi hitung bilangan bulat di kelas VI SD. RPP ini menjelaskan kompetensi dasar, tujuan, materi, model pembelajaran, dan langkah-langkah pembelajaran yang mencakup kegiatan pendahuluan, inti, dan penutup. Metode pembelajaran yang digunakan adalah drill, tanya jawab, ceramah dan demostrasi.",0,5,Daniel Sintu,"August 18, 2022",https://imgv2-2-f.scribdassets.com/img/document/587669520/298x396/c50c9d0e94/0?v=1
795619400,RPP Matematika,RPP Matematika,0,10,suandie86,"November 22, 2024",https://imgv2-1-f.scribdassets.com/img/document/795619400/298x396/fd3cb68bea/0?v=1
772451696,RPP MATEMATIKA,CONTOH RPP MATEMATIKA,0,9,wulanwidasari55,"September 24, 2024",https://imgv2-2-f.scribdassets.com/img/document/772451696/298x396/ee0b6e86ff/0?v=1
791633034,RPP Matematika,RPP Matematika,0,29,idarayonsimanjuntak8,"November 13, 2024",https://imgv2-1-f.scribdassets.com/img/document/791633034/298x396/65758a9097/0?v=1
750961536,1.1 RPP NILAI MUTLAK,RPP Nilai Mutlak K13,0,3,istiana.matematika,"July 16, 2024",https://imgv2-1-f.scribdassets.com/img/document/750961536/298x396/bced0afd58/0?v=1
637468883,RPP Matematika,"Modul ini membahas pelajaran matematika tentang penjumlahan bersusun untuk siswa kelas 2 SD dan mencakup penjelasan tentang pengertian, contoh soal, dan penilaian siswa dalam memahami konsep penjumlahan bersusun.""",22,22,Diana Romadhona,"April 11, 2023",https://imgv2-1-f.scribdassets.com/img/document/637468883/298x396/f43964b341/0?v=1
636371724,RPP Matematika,"Dokumen ini berisi rencana pelaksanaan pembelajaran (RPP) mata pelajaran matematika untuk kelas 6 semester 1 tentang materi bilangan bulat negatif. RPP ini mencakup tujuan pembelajaran, materi, pendekatan, metode, sumber belajar, dan kegiatan pembelajaran yang terdiri dari pendahuluan, inti, dan penutup.",0,4,Jodi Triyadi,"April 5, 2023",https://imgv2-2-f.scribdassets.com/img/document/636371724/298x396/0bbdd747a0/0?v=1
685319493,RPP Matematika,"Rencana pelaksanaan pembelajaran (RPP) ini membahas tentang materi operasi hitung bilangan cacah pada pelajaran matematika kelas 3 semester 1. RPP ini menjelaskan kompetensi dasar, tujuan pembelajaran, materi, strategi pembelajaran interaktif berbasis masalah, dan penilaian siswa melalui penugasan kelompok dan tes afektif.",22,8,Halida Salafia,"November 18, 2023",https://imgv2-2-f.scribdassets.com/img/document/685319493/298x396/d36686186c/0?v=1
499227005,RPP Matematika,"Rencana Pelaksanaan Pembelajaran (RPP) mata pelajaran matematika kelas 4 tentang sub materi persen. RPP ini berisi tentang kompetensi dasar dan indikator, tujuan pembelajaran, materi ajar, metode dan pendekatan pembelajaran, kegiatan pembelajaran, sumber belajar dan penilaian hasil belajar siswa.",95,10,Vina Arumiyani,"March 18, 2021",https://imgv2-2-f.scribdassets.com/img/document/499227005/298x396/80977c0827/0?v=1
450391103,RPP Matematika,"Rencana Pelaksanaan Pembelajaran (RPP) mata pelajaran Matematika kelas VIII ini membahas tentang sistem persamaan linear dua variabel dan penyelesaiannya dengan berbagai metode, serta penggunaannya dalam menyelesaikan masalah-masalah sehari-hari. RPP ini merencanakan pembelajaran selama 3 pertemuan dengan materi, metode pembelajaran, dan penilaian yang telah ditetapkan.",164,20,Fauziah Nur,"March 6, 2020",https://imgv2-2-f.scribdassets.com/img/document/450391103/298x396/8ec8589271/0?v=1
559642766,RPP Matematika,"Rencana Pelaksanaan Pembelajaran (RPP) ini membahas pelajaran matematika untuk siswa kelas 5 tentang operasi hitung bilangan bulat. Materi yang diajarkan meliputi sifat-sifat operasi hitung, pembulatan bilangan, dan penaksiran hasil operasi. Pembelajaran dilaksanakan selama 3 pertemuan dengan kegiatan penjelasan guru, diskusi, dan latihan soal mandiri siswa. Penilaian dilakukan dengan tes tertulis pada setiap a",21,97,Indah Nuraini,"February 18, 2022",https://imgv2-2-f.scribdassets.com/img/document/559642766/298x396/02f0c58de8/0?v=1
83917244,RPP Matematika Sma,"Rencana pelaksanaan pembelajaran mata pelajaran matematika kelas X semester ganjil SMA Negeri 2 Wonogiri membahas tentang pangkat, akar, dan logaritma. Materi pembelajaran meliputi sifat-sifat bilangan berpangkat, notasi ilmiah, bilangan rasional dan irrasional, operasi aljabar pada akar, dan logaritma. Metode pembelajaran menggunakan ceramah, tanya jawab, dan diskusi kelompok.",939,722,,"March 5, 2012",https://imgv2-2-f.scribdassets.com/img/document/83917244/298x396/985c277a48/0?v=1
642447514,RPP Matematika,"Rencana pelaksanaan pembelajaran (RPP) ini menjelaskan rencana pembelajaran mata pelajaran matematika tentang invers fungsi untuk siswa kelas 11. RPP ini menerapkan pendekatan berdiferensiasi berdasarkan kesiapan belajar siswa dengan memberikan konten, proses, dan produk belajar yang berbeda-beda. Pembelajaran akan dilaksanakan dengan strategi ""BAHAGIA"" yang terdiri atas tahap baca, bahasakan",220,14,Mim Jaz ID,"May 3, 2023",https://imgv2-2-f.scribdassets.com/img/document/642447514/298x396/45dcb31732/0?v=1
596709640,RPP Matematika,"Rencana pelaksanaan pembelajaran (RPP) ini membahas pelajaran matematika tentang bilangan bulat untuk siswa kelas VI. RPP ini menjelaskan kompetensi dasar, indikator pencapaian, materi pelajaran, metode pembelajaran, dan penilaian siswa. Metode pembelajaran yang digunakan adalah pengamatan, diskusi kelompok, dan presentasi hasil diskusi. Penilaian dilakukan untuk sikap, pengetahuan dan keterampilan siswa.",0,7,Abdul Aziz,"September 26, 2022",https://imgv2-2-f.scribdassets.com/img/document/596709640/298x396/b2b2143e25/0?v=1
410449399,RPP Induksi Matematika,RPP ini merangkum rencana pelaksanaan pembelajaran mata pelajaran matematika untuk kelas XI semester 1. Pembelajaran akan membahas induksi matematika dengan sub materi notasi sigma dan pembuktian dengan induksi matematika dalam 6 pertemuan menggunakan model pembelajaran problem based learning dan cooperative learning. Tujuannya agar siswa dapat memahami dan menerapkan induksi matematika untuk membuktikan berbagai pernyataan matematis.,244,26,Annisaul Lailim Mukminah,"May 17, 2019",https://imgv2-2-f.scribdassets.com/img/document/410449399/298x396/4fbff5722d/0?v=1
677636192,RPP Matematika,RPP ini merangkum rencana pelaksanaan pembelajaran mata pelajaran Matematika tentang Logika Matematika khususnya Pernyataan Majemuk untuk siswa kelas XI. Materi akan disampaikan melalui pendekatan problem based learning dengan metode diskusi dan penugasan serta presentasi selama 2 pertemuan. Tujuannya agar siswa dapat menganalisis dan menentukan tabel kebenaran pernyataan majemuk serta menyelesaikan masalah terkaitnya.,17,11,Febriana Shinta,"October 15, 2023",https://imgv2-2-f.scribdassets.com/img/document/677636192/298x396/658e06436f/0?v=1
631590844,New RPP - Matematika,"[Ringkasan]
1. RPP ini membahas pelaksanaan pembelajaran mata pelajaran matematika tentang Sistem Persamaan Linear Dua Variabel (SPLDV) untuk siswa kelas VIII SMP Negeri 3 Klaten. 
2. Pembelajaran dilaksanakan dengan metode ceramah, diskusi, dan tugas menggunakan pendekatan saintifik dan kontekstual. 
3. RPP ini mencakup tujuan, materi, kegiatan pembelajaran, dan penilaian hasil pembelajaran.",12,4,Irpan Simangunsong,"March 16, 2023",https://imgv2-2-f.scribdassets.com/img/document/631590844/298x396/c7694672dc/0?v=1
659687967,RPP Matematika Khoerussolihin,"Rangkuman dokumen RPP Statistika Kelas 6 Matematika:
Dokumen ini berisi rencana pelaksanaan pembelajaran (RPP) mata pelajaran matematika tentang statistika di kelas 6. RPP ini memuat tujuan pembelajaran mengenai modus, median, dan mean, serta kegiatan pembelajaran yang meliputi pendahuluan, inti, dan penutup dengan menggunakan metode diskusi, tanya jawab, dan penugasan.",0,25,khoerussolihin,"July 18, 2023",https://imgv2-1-f.scribdassets.com/img/document/659687967/298x396/85e03f1adb/0?v=1
709118023,"RPP Matematika, Observasi","Rencana Pelaksanaan Pembelajaran (RPP) ini membahas tentang pembelajaran bangun ruang di kelas VI SDN Sumbergedang II. Pembelajaran ini akan membandingkan dan mengidentifikasi prisma, limas, tabung, kerucut, dan bola melalui diskusi, pengamatan, dan penugasan siswa.",0,27,tasmi21,"February 28, 2024",https://imgv2-1-f.scribdassets.com/img/document/709118023/298x396/f05c6160ba/0?v=1
708957187,RPP Matematika,"1. RPP ini membahas pelajaran matematika tentang lingkaran untuk siswa kelas 6 SDN 13 Way Serdang. 
2. Materi yang diajarkan adalah mengenai pengertian lingkaran, jari-jari, diameter, keliling, dan luas lingkaran. 
3. Pembelajaran dilakukan dengan model Problem Based Learning dan pendekatan saintifik melalui diskusi kelompok dan presentasi hasil.",8,6,Dutta Dharma,"February 27, 2024",https://imgv2-2-f.scribdassets.com/img/document/708957187/298x396/11f2e0d399/0?v=1
434353646,RPP Matematika 5,"Rencana pelaksanaan pembelajaran (RPP) ini membahas tentang pelajaran matematika kelas 5 tentang operasi hitung bilangan bulat, termasuk penggunaan sifat-sifatnya, pembulatan, penaksiran, dan menentukan faktor prima, FPB, serta KPK. RPP ini menjelaskan tujuan, materi, metode, dan langkah-langkah pembelajaran selama 5 pertemuan.",65,126,pety novita,"November 11, 2019",https://imgv2-2-f.scribdassets.com/img/document/434353646/298x396/eb87f9cc6b/0?v=1
855988351,RPP matematika,"Dokumen ini adalah Rencana Pelaksanaan Pembelajaran (RPP) untuk mata pelajaran Matematika di SDN. 075041 Dahana, kelas 2. Tujuan pembelajaran mencakup pengenalan bangun datar dan ruang, serta kemampuan siswa dalam mengurai dan menyusun bangun datar. Metode pembelajaran meliputi ceramah, latihan, dan tanya jawab, dengan penilaian dilakukan melalui observasi dan rangkuman hasil belajar.",8,2,septylafau,"May 1, 2025",https://imgv2-2-f.scribdassets.com/img/document/855988351/298x396/ddf2ba9208/0?v=1
586726707,RPP Matematika,"Rencana Pelaksanaan Pembelajaran (RPP) mata pelajaran matematika untuk kelas 4 semester 1 membahas tentang pengukuran sudut pada bangun datar menggunakan busur derajat. Materi akan disampaikan melalui pendekatan saintifik dan strategi cooperative learning. Peserta didik akan melakukan kegiatan mengamati, menanya, mencoba, menalar, dan mengkomunikasikan untuk memahami cara mengukur sudut dengan alat ukur busur derajat. Penilaian dil",22,5,indah virginia,"August 12, 2022",https://imgv2-2-f.scribdassets.com/img/document/586726707/298x396/8001a2f32f/0?v=1
510385902,RPP Matematika,"Rencana Pelaksanaan Pembelajaran (RPP) mata pelajaran matematika kelas 4 tentang bangun datar ini bertujuan agar siswa dapat memahami pengertian, jenis, sifat, dan rumus bangun datar persegi, persegi panjang, dan segitiga melalui penjelasan guru, diskusi, dan pengamatan. Kegiatan pembelajaran meliputi penjelasan guru, diskusi siswa, dan presentasi hasil diskusi. Penilaian pembelajaran dilakukan melal",0,1,Serli Pratiwi,"June 3, 2021",https://imgv2-2-f.scribdassets.com/img/document/510385902/298x396/9d21ccffe7/0?v=1
433409767,RPP Matematika,Rencana pelaksanaan pembelajaran (RPP) ini membahas operasi perkalian bilangan cacah dan bilangan bulat untuk siswa kelas VI semester ganjil. Materi akan disampaikan melalui diskusi kelompok dan penyelesaian soal untuk meningkatkan pemahaman siswa tentang konsep bilangan dan operasi matematika dalam kehidupan sehari-hari. Penilaian dilakukan dengan mengamati sikap siswa dan mengevaluasi kemampuan menyelesaikan soal operasi per,222,10,Dewi Mustika,"November 4, 2019",https://imgv2-2-f.scribdassets.com/img/document/433409767/298x396/d587bb3a61/0?v=1
440634334,RPP MAtematika,"1. Rencana pelaksanaan pembelajaran (RPP) ini membahas tentang perkalian bilangan bulat negatif untuk kelas VI semester 1 di SDN Kalongan.
2. Pembelajaran akan menggunakan model problem based learning dan pendekatan saintifik untuk membantu peserta didik memecahkan masalah matematika tentang perkalian bilangan bulat dalam kehidupan sehari-hari.
3. Materi akan disampaikan secara berkelompok dan interaktif dengan menggunakan lembar",55,17,Ellang Adi nugroho,"December 22, 2019",https://imgv2-1-f.scribdassets.com/img/document/440634334/298x396/2bc267571d/0?v=1
577498238,RPP Matematika,"RPP ini membahas pelaksanaan pembelajaran matematika kelas IV semester 1 tentang operasi hitung perkalian dan pembagian. Materi ajar meliputi operasi perkalian bilangan satu angka dengan dua angka, tiga angka, perkalian bilangan sepuluh secara berulang, dan kelipatan sepuluh serta pembagian tanpa sisa dan bersisa. Metode pembelajaran menggunakan percobaan, tanya jawab, dan latihan selama 8 pertemuan.",54,3,Arpan Arpan,"June 8, 2022",https://imgv2-1-f.scribdassets.com/img/document/577498238/298x396/40caf65cbf/0?v=1
544771340,RPP Matematika,"Rencana pelaksanaan pembelajaran (RPP) ini membahas pelajaran matematika tentang pengukuran waktu untuk siswa kelas 3 SD Katolik St. Agustinus. Materi akan diajarkan dalam 1 jam pelajaran dengan menggunakan metode ceramah dan diskusi serta sumber belajar seperti buku dan alat visual. Guru akan menilai pengetahuan, keterampilan, dan sikap siswa terkait materi ini.",39,22,Melina Salmon,"December 5, 2021",https://imgv2-2-f.scribdassets.com/img/document/544771340/298x396/1d0f0eeadb/0?v=1
225755942,RPP Matematika,contoh RPP Matematika trigonometri kelas 11 IPA,311,20,Putri Istiqomah,"May 23, 2014",https://imgv2-1-f.scribdassets.com/img/document/225755942/298x396/2d89dc8640/0?v=1
419298255,RPP Matematika SMP,"1. Rencana pelaksanaan pembelajaran mata pelajaran matematika statistika untuk kelas VIII selama 4 pertemuan.
2. Materi pembelajaran meliputi penyajian data menggunakan diagram batang, garis, dan lingkaran dengan komputer. 
3. Kegiatan pembelajaran pertemuan pertama meliputi observasi contoh diagram, mencari tahu cara pembuatan diagram dengan komputer, dan presentasi hasil karya.",0,6,IDA,"July 22, 2019",https://imgv2-1-f.scribdassets.com/img/document/419298255/298x396/8aa47bdf9d/0?v=1
744029718,RPP Matematika,RPP Matematika sifat-sifat bangun ruang kelas 6 semester 2,0,6,arifatussholekhah45,"June 21, 2024",https://imgv2-2-f.scribdassets.com/img/document/744029718/298x396/e2819beb06/0?v=1
484507566,RPP Matematika,"Rencana pelaksanaan pembelajaran mata pelajaran matematika untuk kelas IV semester 1 membahas bilangan prima. Materi tersebut akan dipelajari melalui kegiatan mengamati, menanya, mencoba, menalar, dan mengomunikasikan. Guru akan menilai siswa berdasarkan partisipasi, pengetahuan tentang sifat bilangan prima, dan kemampuan memberikan contoh bilangan prima.",59,9,Endy Astrawan,"November 16, 2020",https://imgv2-2-f.scribdassets.com/img/document/484507566/298x396/8a1dc4bb07/0?v=1
364963386,RPP Matematika Keuangan,"Rencana pelaksanaan pembelajaran ini membahas tentang materi matematika keuangan yaitu bunga tunggal dan diskonto untuk siswa kelas XII. Materi akan disampaikan melalui penjelasan konsep, demonstrasi soal, latihan terbimbing, kuis, dan penugasan. Tujuannya agar siswa dapat memahami dan menyelesaikan masalah terkait bunga tunggal dan diskonto.",73,14,,"November 20, 2017",https://imgv2-2-f.scribdassets.com/img/document/364963386/298x396/7ba46f0247/0?v=1
503487135,RPP Matematika,"Rencana Pelaksanaan Pembelajaran (RPP) ini membahas tentang pembelajaran eksponen/bilangan berpangkat untuk siswa kelas X di SMK Negeri 1 Driyorejo. RPP ini mencakup kompetensi dasar, tujuan pembelajaran, alat dan sumber belajar, kegiatan pembelajaran, dan penilaian. Pembelajaran akan dilaksanakan secara online melalui modul, video, dan tugas di Google Classroom.",0,16,Wildan 21,"April 19, 2021",https://imgv2-2-f.scribdassets.com/img/document/503487135/298x396/4342b40a3a/0?v=1
603099192,RPP Matematika Kelas 6,"Rangkuman singkat dari dokumen Rencana Pelaksanaan Pembelajaran (RPP) mata pelajaran Matematika kelas VI tentang materi Bangun Ruang adalah:
1) RPP ini berisi kompetensi inti, kompetensi dasar, indikator pencapaian kompetensi, tujuan pembelajaran, materi, metode, media, dan langkah pembelajaran mengenai bangun ruang.
2) Pembelajaran akan menggunakan model Problem Based Learning dengan kegiatan diskusi,",76,10,Hadianna S,"October 26, 2022",https://imgv2-2-f.scribdassets.com/img/document/603099192/298x396/f3f897acdc/0?v=1
423145898,RPP Matematika Adiwiyata,"[Ringkasan]

RPP ini membahas pelaksanaan pembelajaran matematika tentang operasi pecahan untuk siswa kelas 5 semester 1. Materi yang diajarkan antara lain penjumlahan, pengurangan, perkalian, dan pembagian pecahan biasa, desimal, dan persen beserta penerapannya dalam menyelesaikan masalah. Metode pembelajaran yang digunakan adalah tanya jawab, deduktif, dan latihan serta penilaian kompetensi menggunakan soal isian.",785,7,adhit,"August 25, 2019",https://imgv2-1-f.scribdassets.com/img/document/423145898/298x396/6b6b2b3100/0?v=1
709410553,RPP Matematika,RPP MATEMATIKA,4,7,rumiya280687,"February 29, 2024",https://imgv2-1-f.scribdassets.com/img/document/709410553/298x396/31d3dcb7e2/0?v=1
490267743,RPP Matematika Kelas X,"Rencana Pelaksanaan Pembelajaran (RPP) ini membahas pelajaran Matematika tentang Bilangan Real untuk kelas 1 SMK dengan alokasi waktu 10 jam pelajaran. RPP ini berisi tujuan pembelajaran, indikator pencapaian kompetensi, metode pembelajaran, dan penilaian siswa.",0,58,diana filmayasari45,"January 10, 2021",https://imgv2-2-f.scribdassets.com/img/document/490267743/298x396/ff7ffb4690/0?v=1
344597701,RPP Matematika,"Rencana Pelaksanaan Pembelajaran (RPP) ini membahas perkuliahan Matematika untuk mahasiswa DIII Teknik Komputer di Politeknik Harapan Bersama Tegal. RPP ini menjelaskan dua pertemuan pertama yang membahas konsep dasar logika matematika seperti pengertian pernyataan deklaratif dan koneksi logika, serta kalimat berkuantor dan hukum logika. Metode pembelajarannya meliputi ceramah, tanya jawab, dan diskusi unt",83,14,Imam Bukhari,"April 9, 2017",https://imgv2-1-f.scribdassets.com/img/document/344597701/298x396/4672c23807/0?v=1
601510962,RPP Matematika,"Rencana pelaksanaan pembelajaran matematika kelas 4 SDN Mangkukusuman 5 ini membahas tentang standar kompetensi dan kompetensi dasar operasi hitung bilangan serta mengurutkan bilangan. Guru akan mengajarkan sifat-sifat operasi hitung seperti pertukaran, pengelompokan, dan penyebaran melalui ceramah, diskusi, dan tugas. Penilaian dilakukan dengan mengevaluasi pemecahan masalah operasi hitung dan mengurutkan bil",11,8,Rudy Esperto Di Pianoforte,"October 19, 2022",https://imgv2-2-f.scribdassets.com/img/document/601510962/298x396/0957c96ac8/0?v=1
433217760,RPP Matematika SLB,"Rangkuman dokumen RPP Materi Perbandingan dan Skala Kelas VII K13 dalam 3 kalimat:
1. Dokumen ini merupakan rencana pelaksanaan pembelajaran mata pelajaran matematika tentang materi perbandingan dan skala untuk kelas VII.
2. Materi akan diajarkan dalam 2 pertemuan menggunakan metode saintifik dan kontekstual serta berfokus pada pengertian, contoh, dan penerapan konsep perbandingan senilai dan berbal",137,14,Ahya Udin,"November 3, 2019",https://imgv2-2-f.scribdassets.com/img/document/433217760/298x396/77bed7db82/0?v=1
602329833,RPP Matematika 1 A,Rencana Pelaksanaan Pembelajaran (RPP) ini membahas pelajaran Matematika kelas I tentang membedakan berbagai bentuk bangun datar dan mewarnainya sesuai warna. Guru akan memberikan contoh gambar bangun datar dan menugaskan siswa untuk menuliskan dan mewarnainya. Siswa dievaluasi berdasarkan kemampuannya mewarnai bangun datar sesuai warna.,0,2,AsriLa Novirma,"October 23, 2022",https://imgv2-2-f.scribdassets.com/img/document/602329833/298x396/d3b19c21bc/0?v=1
825034401,rpp MATEMATIKA,"RPP ini untuk mata pelajaran Matematika di SDN 12 Ronggurnihuta pada tahun ajaran 2024/2025, dengan fokus pada materi bangun datar, khususnya segitiga. Tujuan pembelajaran mencakup pengenalan jenis-jenis bangun datar, menghitung keliling dan luas, serta aplikasi dalam kehidupan sehari-hari. Metode pembelajaran meliputi pembelajaran langsung, diskusi kelompok, dan permainan edukatif, dengan penilaian yang mencakup sikap, pengetahuan, dan keterampilan siswa.",0,3,sfriska988,"February 7, 2025",https://imgv2-1-f.scribdassets.com/img/document/825034401/298x396/d105cc6b9f/0?v=1
358583021,RPP Matematika Umi,"Rencana pelaksanaan pembelajaran ini membahas penerapan teori belajar Dienes dalam pembelajaran matematika SD kelas 1 tentang pengurutan bilangan. Pembelajaran dilaksanakan dalam 2 x 35 menit dan mencakup kegiatan awal, inti, dan penutup serta menggunakan metode ceramah, tanya jawab, demonstrasi, dan penugasan.",72,4,,"September 11, 2017",https://imgv2-1-f.scribdassets.com/img/document/358583021/298x396/7948d540b7/0?v=1
423791201,RPP Matematika Wajib.,"Rencana Pelaksanaan Pembelajaran (RPP) ini membahas pembelajaran tentang eksponen dan logaritma di SMA kelas X semester 1. RPP ini menjelaskan kompetensi dasar, indikator pencapaian, tujuan pembelajaran, materi, model pembelajaran, langkah-langkah kegiatan, dan penilaian hasil belajar.",67,12,Galuh Supra,"August 30, 2019",https://imgv2-2-f.scribdassets.com/img/document/423791201/298x396/b1c75970ba/0?v=1
546528808,RPP Matematika,"Dokumen tersebut merupakan rencana pelaksanaan pembelajaran (RPP) mata pelajaran matematika kelas 4 tentang materi faktor bilangan. RPP tersebut memuat tujuan pembelajaran untuk memahami pengertian faktor bilangan, kegiatan pembelajaran yang terdiri atas pembukaan, inti, dan penutup, serta penilaian proses dan hasil belajar peserta didik.",0,3,Erna Novita Sari,"December 13, 2021",https://imgv2-1-f.scribdassets.com/img/document/546528808/298x396/951d2f5812/0?v=1
521586420,RPP Matematika,"Rencana Pelaksanaan Pembelajaran (RPP) ini membahas tentang pembelajaran barisan dan deret di kelas XII MIPA 3. Materi ajarannya meliputi konsep barisan dan deret aritmatika, serta cara menentukan suku ke-n pada barisan aritmatika. Pembelajarannya menggunakan model pembelajaran pencapaian konsep dan pendekatan saintifik, melalui diskusi kelompok dan penyelesaian soal. Penilaian kompetensi siswa meliputi s",45,9,Saksi Tarigan,"August 25, 2021",https://imgv2-1-f.scribdassets.com/img/document/521586420/298x396/a9cc47bc35/0?v=1
157294658,RPP Matematika SMP,"Rencana Pelaksanaan Pembelajaran (RPP) ini membahas tentang materi jarak pada ruang dimensi tiga untuk siswa kelas X SMA Negeri 6 Semarang. RPP ini menjelaskan tujuan pembelajaran untuk memahami konsep jarak dan menentukan jarak titik ke titik, titik ke garis, dan titik ke bidang dalam ruang. Pembelajaran dilaksanakan dengan pendekatan kontekstual, metode ceramah, diskusi dan tanya jawab, serta model pem",138,12,Farid Hidayat,"July 31, 2013",https://imgv2-1-f.scribdassets.com/img/document/157294658/298x396/810056f15f/0?v=1
291816336,RPP Matematika SMK Trigonometri,"Rencana Pelaksanaan Pembelajaran (RPP) ini membahas perencanaan pembelajaran mata pelajaran Matematika untuk kelas XI semester 3 yang mencakup materi trigonometri, koordinat, aturan sinus dan kosinus, serta luas segitiga.""",862,15,Hairul Anam,"December 1, 2015",https://imgv2-1-f.scribdassets.com/img/document/291816336/298x396/0d38e15d17/0?v=1
463368493,RPP MATEMATIKA Hindun,"RPP IPA Kelas 6 SD ini membahas tentang standar kompetensi memahami faktor penyebab perubahan. Kompetensi dasar mengidentifikasi faktor-faktor yang menentukan pemilihan bahan untuk tujuan tertentu seperti karet, logam, kayu dan plastik. Tujuan pembelajaran antara lain agar siswa dapat memahami sifat-sifat bahan dan kegunaannya dalam kehidupan sehari-hari.",30,12,Eko Saputra,"May 28, 2020",https://imgv2-2-f.scribdassets.com/img/document/463368493/298x396/7cce7842f0/0?v=1
720144085,RPP Matematika,"Dokumen ini merupakan rencana pelaksanaan pembelajaran (RPP) mata pelajaran matematika kelas 4 tentang bilangan pangkat dua dan akar pangkat dua. RPP ini memuat tujuan pembelajaran untuk memahami bilangan pangkat dua dan akar pangkat dua serta menghitungnya. Kegiatan pembelajaran terdiri dari pendahuluan, inti, dan penutup yang mencakup mengamati, menanya, menalar, dan mengomunikasikan. Penilaian",0,1,Siska Sari Oktapia,"April 4, 2024",https://imgv2-2-f.scribdassets.com/img/document/720144085/298x396/d8a060deb5/0?v=1
691849376,RPP Matematika PJBL,"Rencana Pelaksanaan Pembelajaran (RPP) ini membahas pelaksanaan pembelajaran matematika tentang jaring-jaring bangun ruang kubus untuk siswa kelas V di SD Gondosari. RPP ini menjelaskan kompetensi dasar, tujuan pembelajaran, metode pembelajaran, langkah-langkah kegiatan belajar mengajar, dan penilaian pembelajaran. Kegiatan utamanya adalah proyek membuat jaring-jaring kubus yang dilakukan",0,7,viona rizki,"December 12, 2023",https://imgv2-1-f.scribdassets.com/img/document/691849376/298x396/4b95e25e27/0?v=1
866773474,Rpp Matematika Fix,"RPP ini dirancang untuk pembelajaran matematika di SMP Negeri 5 Ciamis dengan fokus pada menghitung volume bangun ruang tabung. Tujuan pembelajaran mencakup pengenalan bangun tabung, rumus luas permukaan, dan penerapan dalam konteks kehidupan sehari-hari. Metode yang digunakan adalah pendekatan berdiferensiasi dengan model Discovery Based Learning dan melibatkan diskusi serta refleksi dalam proses pembelajaran.",0,5,kumpulanfileyuni,"May 25, 2025",https://imgv2-2-f.scribdassets.com/img/document/866773474/298x396/2232891570/0?v=1
867180779,RPP matematika rama,"Dokumen ini adalah Rencana Pelaksanaan Pembelajaran (RPP) untuk kelas III di UPTD SD Negeri Bonipoi 2, yang berfokus pada pembelajaran matematika mengenai sifat-sifat operasi hitung pada bilangan cacah. RPP ini mencakup tujuan pembelajaran, kompetensi dasar, metode pembelajaran, serta langkah-langkah kegiatan yang melibatkan diskusi kelompok dan penggunaan media pembelajaran seperti video dan PowerPoint. Penilaian dilakukan melalui observasi sikap dan tes tertulis untuk mengevaluasi pemahaman peserta didik.",0,19,Rizki Zulfitri,"May 26, 2025",https://imgv2-1-f.scribdassets.com/img/document/867180779/298x396/d5295ccf2a/0?v=1
520798041,RPP Matematika 4,"Rencana Pelaksanaan Pembelajaran (RPP) ini membahas pembelajaran matematika kelas IV SD/MI tentang materi pecahan. RPP ini menjelaskan kompetensi dasar, indikator, tujuan pembelajaran, materi, pendekatan, strategi, metode, kegiatan pembelajaran, dan penilaian hasil belajar siswa dalam memahami konsep pecahan. Pembelajaran akan dilaksanakan dalam 25 jam pelajaran dengan pendekatan saintifik dan model pembelajaran kooper",0,10,sdn1 bagorejosrono,"August 19, 2021",https://imgv2-2-f.scribdassets.com/img/document/520798041/298x396/f20787d133/0?v=1
429137107,RPP Matematika Kelas 6,"Rencana Pelaksanaan Pembelajaran (RPP) ini membahas pelajaran matematika tentang operasi hitung campuran untuk siswa kelas VI SDN Panancangn 3 Kota Serang. RPP ini merencanakan 8 pertemuan pembelajaran yang mencakup penjelasan dan latihan soal tentang operasi hitung campuran serta pemecahan masalah yang melibatkan bilangan cacah, pecahan, dan desimal. Tujuan pembelajaran adalah agar siswa dapat menentukan bentuk operasi hitung",0,15,Anonymous wWh55VyYaP,"October 7, 2019",https://imgv2-2-f.scribdassets.com/img/document/429137107/298x396/a8492ad4ca/0?v=1
627298009,RPP Matematika Lingkaran,"Rencana Pelaksanaan Pembelajaran (RPP) ini membahas tentang pembelajaran matematika di kelas VIII tentang lingkaran, termasuk mengenal lingkaran, menurunkan rumus keliling dan luas lingkaran, serta hubungan antara sudut pusat dan sudut keliling.",0,5,Rosita Widiary,"February 22, 2023",https://imgv2-2-f.scribdassets.com/img/document/627298009/298x396/58d905a270/0?v=1
645227228,RPP Matematika Tesa (A1g021032),Rencana Pelaksanaan Pembelajaran (RPP) ini membahas tentang pembelajaran matematika di SD N 063/XI Koto Padang untuk kelas II semester 1. Materi yang diajarkan adalah menentukan bilangan cacah berdasarkan nilai tempat dengan menggunakan model konkret dan video. Tujuan pembelajaran adalah agar siswa dapat memahami konsep bilangan cacah dan nilai tempat serta mampu mengerjakan soal-soal terkait. Metode pembelaj,13,6,Tesa Yuliana,"May 14, 2023",https://imgv2-2-f.scribdassets.com/img/document/645227228/298x396/9c1bbf264a/0?v=1
559819984,Pertemuan 1 RPP Matematika,"Rencana Pelaksanaan Pembelajaran (RPP) ini membahas pertemuan pertama pelajaran Matematika kelas IX tentang materi Perpangkatan dan Bentuk Akar. Tujuan pembelajaran adalah memahami konsep Bilangan Berpangkat dan mengidentifikasi Pengertian Bilangan Berpangkat serta Menggunakan notasi pangkat. Kegiatan pembelajaran terdiri dari pendahuluan, inti, dan penutup dengan menggunakan pendekatan saintifik dan metode literasi, eksper",23,2,Padli,"February 18, 2022",https://imgv2-2-f.scribdassets.com/img/document/559819984/298x396/f81353978c/0?v=1
481748755,RPP Matematika Daring,"Rencana Pelaksanaan Pembelajaran (RPP) ini membahas pembelajaran daring tentang materi perbandingan senilai untuk siswa kelas XII SLB Negeri Pandaan. RPP ini menjelaskan tujuan pembelajaran, kegiatan pembelajaran yang meliputi pendahuluan, inti, dan penutup, serta penilaian hasil belajar berupa tes tertulis dan presentasi daring.",0,1,QonitaDeev,"October 27, 2020",https://imgv2-1-f.scribdassets.com/img/document/481748755/298x396/f5e192660b/0?v=1
772470003,RPP MATEMATIKA PPL,CONTOH RPP MATEMATIKA,0,10,wulanwidasari55,"September 24, 2024",https://imgv2-1-f.scribdassets.com/img/document/772470003/298x396/b9f1403dbe/0?v=1
714667924,RPP Matematika ACC,"Rencana Pelaksanaan Pembelajaran (RPP) ini membahas tentang pelajaran matematika di SDN 5 KOMET untuk menghitung volume prisma segitiga. RPP ini menjelaskan kompetensi dasar, tujuan pembelajaran, materi pelajaran, metode pembelajaran, dan kegiatan pembelajaran yang mencakup pendahuluan, inti, dan penutup. Kegiatan inti meliputi orientasi masalah, mengorganisasi siswa dalam kelompok, membimbing penyelid",13,24,Riezz angga,"March 18, 2024",https://imgv2-2-f.scribdassets.com/img/document/714667924/298x396/fcc4b351ae/0?v=1
214783147,Rpp Matematika SMA,RPP matematika,133,15,,"March 27, 2014",https://imgv2-1-f.scribdassets.com/img/document/214783147/298x396/537a9f1409/0?v=1
548237829,RPP Matematika Kelas 8,"Rencana Pelaksanaan Pembelajaran (RPP) ini membahas pembelajaran daring matematika tentang pola bilangan dan konfigurasi obyek untuk siswa kelas VIII SMP Muhammadiyah Sinar Fajar melalui media online seperti WhatsApp dan Messenger dengan membentuk kelompok kecil, memberikan penugasan, dan menilai sikap, pengetahuan, serta keterampilan siswa.",0,15,Desti,"December 19, 2021",https://imgv2-2-f.scribdassets.com/img/document/548237829/298x396/df42ff83aa/0?v=1
484145891,RPP Matematika Luring,"Rencana Pelaksanaan Pembelajaran (RPP) ini membahas pelajaran Matematika tentang Bilangan Bulat dan Pecahan untuk siswa kelas VII SMP Negeri 18 Baubau. RPP ini menjelaskan tujuan pembelajaran, media dan sumber belajar yang digunakan, langkah-langkah pembelajaran meliputi kegiatan pendahuluan, inti dan penutup, serta penilaian hasil pembelajaran.",0,1,rois wahdiyah,"November 13, 2020",https://imgv2-2-f.scribdassets.com/img/document/484145891/298x396/d304b04d2b/0?v=1
369920569,RPP Matematika Kelas V,"Rencana Pelaksanaan Pembelajaran (RPP) ini membahas tentang pembelajaran satuan jarak dan kecepatan di SD Negeri 1 Banyuasri untuk siswa kelas V. RPP ini menjelaskan standar kompetensi, indikator pencapaian, tujuan pembelajaran, materi ajar, metode pembelajaran, langkah-langkah pembelajaran, sumber belajar, dan penilaian siswa.",53,9,Komang Agus Darmawan,"January 24, 2018",https://imgv2-2-f.scribdassets.com/img/document/369920569/298x396/1841e807a8/0?v=1
417466706,RPP Matematika Kelas 7,"Rencana Pelaksanaan Pembelajaran (RPP) ini membahas tentang pelajaran Matematika kelas VII tentang operasi hitung bilangan bulat, yang mencakup tujuan pembelajaran menghitung kuadrat, pangkat tiga, akar kuadrat dan akar pangkat tiga bilangan bulat, serta mengadakan ulangan harian. Pembelajaran dilakukan secara kelompok dengan model discovery learning dan penilaian dilakukan melalui tes tertulis.",46,36,Sri Fatmah,"July 15, 2019",https://imgv2-1-f.scribdassets.com/img/document/417466706/298x396/b1038d4834/0?v=1
760646960,RPP MATEMATIKA VII,RPP MATEMATIKA KELAS VII,0,5,niharukmana12,"August 20, 2024",https://imgv2-1-f.scribdassets.com/img/document/760646960/298x396/6776856013/0?v=1
697615777,RPP Matematika Statistik,"1. Rencana pembelajaran mata pelajaran matematika statistika untuk kelas VIII semester 2.
2. Materi pokok pembelajaran meliputi penyajian data, rata-rata, median, modus, analisis data, pengambilan keputusan dan prediksi. 
3. Langkah-langkah pembelajaran meliputi pembukaan, penyampaian materi, diskusi, latihan soal dan penutupan.",8,5,Kamsuri S. Pd,"January 9, 2024",https://imgv2-2-f.scribdassets.com/img/document/697615777/298x396/0c6250e35f/0?v=1
433900847,RPP Matematika 4,"Rencana pelaksanaan pembelajaran (RPP) ini membahas tentang menyelesaikan masalah sehari-hari yang berkaitan dengan faktor persekutuan terbesar (FPB) dan kelipatan persekutuan terkecil (KPK) untuk siswa kelas 4 SD. RPP ini menjelaskan tujuan, materi, metode pembelajaran interaktif, dan penilaian siswa berupa tes tertulis dan penugasan kelompok untuk menyelesaikan soal cerita matematika tentang FPB",47,6,Lesa Mondiace,"November 7, 2019",https://imgv2-1-f.scribdassets.com/img/document/433900847/298x396/b18e390d7a/0?v=1
611454167,RPP Matematika 2022,"Rencana pelaksanaan pembelajaran (RPP) ini membahas tentang pelajaran matematika untuk siswa kelas 3 tentang bilangan 1.000 sampai 10.000. RPP ini bertujuan agar siswa dapat membaca, menulis, menjumlahkan, mengurangkan, mengalikan, dan membagikan bilangan tersebut dengan menggunakan nilai tempat. Kegiatan pembelajaran terdiri dari pendahuluan, inti, dan penutup yang dilaksanakan dalam 3 pertemuan dengan",12,2,Lia Angraeni,"December 1, 2022",https://imgv2-1-f.scribdassets.com/img/document/611454167/298x396/4055a8847f/0?v=1
541901180,RPP Matematika XII,"RPP ini merencanakan pembelajaran matematika kelas XII tentang kaidah pencacahan, faktorial, permutasi dan kombinasi selama 3 pertemuan. Materi akan disampaikan melalui diskusi kelompok dan presentasi untuk meningkatkan pemahaman siswa. Kegiatan pembelajaran direncanakan meliputi pendahuluan, kegiatan inti, dan penutup untuk mencapai tujuan pembelajaran.",4,30,Abdul Wachid,"November 23, 2021",https://imgv2-1-f.scribdassets.com/img/document/541901180/298x396/c3a7f9933d/0?v=1
512114333,RPP Matematika Luring,"Rencana Pelaksanaan Pembelajaran (RPP) ini membahas pembelajaran matematika tentang bilangan bulat di SDN 01 Panaragan Jaya Indah untuk kelas VI. RPP ini menjelaskan kompetensi dasar, tujuan pembelajaran, kegiatan pembelajaran, sumber belajar, dan penilaian siswa. Kegiatan pembelajaran meliputi penjelasan, diskusi kelompok, dan presentasi untuk menguasai konsep bilangan bulat negatif.",0,41,Mutmainnah Paharuddin,"June 17, 2021",https://imgv2-1-f.scribdassets.com/img/document/512114333/298x396/ccbc5d7bd3/0?v=1
567333297,RPP Berdeferensiasi Matematika,"Guru matematika menyusun rencana pelaksanaan pembelajaran (RPP) untuk materi barisan dan deret aritmetika di kelas XI. RPP tersebut mencakup tujuan pembelajaran, kegiatan pembelajaran yang diferensiasi berdasarkan kesiapan belajar siswa, dan penilaian hasil belajar.",148,10,IKA YUNITA,"March 30, 2022",https://imgv2-1-f.scribdassets.com/img/document/567333297/298x396/82b968c384/0?v=1
364167990,RPP Induksi Matematika,"Rencana Pelaksanaan Pembelajaran (RPP) ini membahas tentang pembelajaran induksi matematika untuk siswa kelas XI SMAN 3 Bangkalan. RPP ini menjelaskan kompetensi yang akan dicapai, tujuan pembelajaran, metode dan model pembelajaran, sumber belajar, materi pembelajaran, dan kegiatan pembelajaran yang terdiri dari pendahuluan, kegiatan inti, dan penutup.",10,23,Meyrni Priangka Tanjung,"November 12, 2017",https://imgv2-1-f.scribdassets.com/img/document/364167990/298x396/a85e322813/0?v=1
715205526,RPP Matematika PDF,Rencana Pelaksanaan Pembelajaran (RPP) ini membahas pembelajaran matematika tentang jaring-jaring kubus dan balok untuk siswa kelas 5. Materi akan diajarkan melalui proyek membuat jaring-jaring balok dari kertas karton dengan diskusi kelompok. Siswa diharapkan dapat menjelaskan dan membuat jaring-jaring balok setelah pembelajaran.,0,28,Dawan,"March 20, 2024",https://imgv2-2-f.scribdassets.com/img/document/715205526/298x396/9ff9bc4719/0?v=1
547386582,RPP Matematika 5,"Rencana Pelaksanaan Pembelajaran (RPP) ini membahas penjumlahan pecahan berbeda penyebut dengan menggunakan pendekatan Project Based Learning. Peserta didik akan mengamati video penjumlahan pecahan, membuat model pecahan, dan menyusun jadwal proyek penjumlahan pecahan untuk meningkatkan pemahaman dan kemampuan menyelesaikan masalah matematika.",72,9,Naila Fakhira Iskandar,"December 16, 2021",https://imgv2-1-f.scribdassets.com/img/document/547386582/298x396/af86393554/0?v=1
440650994,RPP SPLTV Matematika,"Rencana Pelaksanaan Pembelajaran (RPP) ini membahas pembelajaran sistem persamaan linear tiga variabel untuk siswa kelas X selama 6 jam pelajaran. RPP ini menjelaskan kompetensi dasar, tujuan pembelajaran, materi, metode, dan langkah-langkah pembelajaran yang meliputi pendahuluan, kegiatan inti seperti memberikan stimulus berupa masalah kontekstual, mengidentifikasi masalah, mengumpulkan data, dan membuat model matemat",0,20,Ayuzela,"December 22, 2019",https://imgv2-1-f.scribdassets.com/img/document/440650994/298x396/ac34c0a17b/0?v=1
176875674,Format RPP Matematika SMP,"Rencana Pelaksanaan Pembelajaran (RPP) ini membahas tentang pembelajaran mata pelajaran matematika untuk siswa kelas VII SMP Negeri di Ngawi. RPP ini menjelaskan kompetensi dasar, tujuan pembelajaran, materi, metode, sumber belajar, langkah pembelajaran, dan penilaian siswa.",72,9,Slamet Winarno,"October 17, 2013",https://imgv2-2-f.scribdassets.com/img/document/176875674/298x396/a27a419f53/0?v=1
771211868,RPP Matematika,rpp,0,5,Rina Maryani,"September 20, 2024",https://imgv2-2-f.scribdassets.com/img/document/771211868/298x396/8af073b917/0?v=1
609697377,RPP Matematika Kelas 2,"Rencana Pelaksanaan Pembelajaran (RPP) ini membahas tentang pembelajaran matematika di kelas 2 SDN 125 OKU. Pembelajaran ini bertujuan agar siswa dapat memecahkan operasi hitung pembagian dengan benar dan mengatasi masalah pembagian dalam kehidupan sehari-hari. Kegiatan pembelajaran meliputi pendahuluan, inti, dan penutup yang menerapkan pendekatan saintifik dan model problem based learning.",0,6,Ana Merya Fanisya,"November 23, 2022",https://imgv2-2-f.scribdassets.com/img/document/609697377/298x396/4168157418/0?v=1
728349416,RPP Matematika Kubus Balok,"Rencana pelaksanaan pembelajaran mata pelajaran matematika tentang kubus dan balok di SDI LABANG PUNI kelas 6 ini membahas tujuan pembelajaran yaitu memahami, menghitung, dan menyelesaikan masalah kubus dan balok. Kegiatan pembelajarannya mencakup pendahuluan, inti yang meliputi diskusi, tanya jawab, berpikir kritis, latihan soal, dan presentasi, serta penutup berupa refleksi. Penilaian dilak",13,3,John Dasilva,"May 1, 2024",https://imgv2-1-f.scribdassets.com/img/document/728349416/298x396/fb1262f5f7/0?v=1
734924756,RPP Matematika,"RPP ini membahas tentang pelaksanaan pembelajaran di SDN Nambakan kelas VI semester 1 tentang topik persatuan dalam perbedaan mata pelajaran matematika. RPP ini menjelaskan kompetensi, indikator, tujuan, materi, metode, media yang digunakan dalam pembelajaran tersebut.",1,15,Roji,"May 22, 2024",https://imgv2-2-f.scribdassets.com/img/document/734924756/298x396/504f526549/0?v=1
579684050,RPP Matematika Pecahan Senilai,"1. RPP ini membahas pelajaran matematika tentang pecahan senilai untuk siswa kelas 4 SD.
2. Materi akan menjelaskan arti pecahan senilai dan memberikan contoh pecahan mana saja yang termasuk senilai. 
3. Penilaian akan menilai pemahaman siswa melalui tes tulis dan lisan serta kinerja.",74,6,Eko Wiyono,"June 25, 2022",https://imgv2-1-f.scribdassets.com/img/document/579684050/298x396/3588e35dae/0?v=1
289487183,RPP Matematika Kelas 9.,"Rencana pelaksanaan pembelajaran (RPP) ini membahas tentang materi bilangan berpangkat dan operasi aljabar yang melibatkan bilangan berpangkat untuk pelajaran matematika kelas 9. RPP ini mencakup kompetensi inti, kompetensi dasar, indikator pencapaian kompetensi, materi pembelajaran, kegiatan pembelajaran, dan alokasi waktu selama 6 pertemuan.",780,30,Charlota Joselien Ngangi,"November 12, 2015",https://imgv2-1-f.scribdassets.com/img/document/289487183/298x396/84bb846b55/0?v=1
80454288,RPP Matematika Portofolio,"Rencana Pelaksanaan Pembelajaran (RPP) ini membahas pelaksanaan pembelajaran mata pelajaran matematika untuk siswa kelas VI SD Negeri 2 Tuban selama 3 pertemuan. Materi yang diajarkan adalah operasi hitung bilangan bulat, termasuk operasi campuran, faktor prima, dan bilangan bulat positif dan negatif. Metode pembelajaran yang digunakan adalah games, diskusi, dan tugas individu.",99,4,Wargito Fabyansyah,"February 4, 2012",https://imgv2-1-f.scribdassets.com/img/document/80454288/298x396/fa6dff428a/0?v=1
672514928,RPP Matematika,Rencana Pelaksanaan Pembelajaran ini membahas tentang pembelajaran pecahan sederhana untuk siswa kelas 3 SD. Pembelajaran akan dilaksanakan dalam 4 pertemuan dengan menggunakan pendekatan saintifik dan model RME. Siswa akan belajar mengenali dan menghitung pecahan sederhana melalui video dan membuat produk pop-up book.,11,29,misguppi minanga,"September 20, 2023",https://imgv2-1-f.scribdassets.com/img/document/672514928/298x396/338ecc71a4/0?v=1
857569427,RPP MATEMATIKA,"Dokumen ini adalah Rencana Pelaksanaan Pembelajaran (RPP) untuk mata pelajaran Matematika kelas VI di UPT SD Negeri 14 Rumbia, yang berfokus pada operasi hitung pecahan. RPP mencakup standar kompetensi, kompetensi dasar, indikator, tujuan pembelajaran, materi ajar, metode pembelajaran, serta langkah-langkah pembelajaran yang meliputi kegiatan awal, inti, dan akhir. Penilaian dilakukan melalui teknik tes dan non-tes dengan bentuk isian.",0,2,Mirna Wati,"May 5, 2025",https://imgv2-1-f.scribdassets.com/img/document/857569427/298x396/35e98d05e1/0?v=1
622176196,RPP Matematika,Rencana pelaksanaan pembelajaran ini membahas pengurangan pecahan dengan persen untuk siswa kelas 5 SDN Lenteng Agung 09. Materi akan dijelaskan guru dan diberikan latihan soal kepada siswa untuk mengidentifikasi pemahaman tentang pengurangan pecahan dengan persen. Penilaian akan dilakukan melalui tes tertulis.,0,3,Asep Saputra,"January 27, 2023",https://imgv2-2-f.scribdassets.com/img/document/622176196/298x396/972c8f7828/0?v=1
291508325,RPP Matematika Kelas X,"Rencana Pelaksanaan Pembelajaran (RPP) ini membahas pembelajaran matematika untuk siswa kelas X di SMK IT Zunurain Aqila Zahra. Materi yang diajarkan adalah operasi bilangan real dan konversi bilangan, dengan tujuan agar siswa dapat mengoperasikan dan mengonversi bilangan real. Pembelajaran dilakukan dengan metode ceramah, diskusi, dan tugas individu maupun kelompok selama dua pertemuan.",171,9,,"November 28, 2015",https://imgv2-1-f.scribdassets.com/img/document/291508325/298x396/24471906c9/0?v=1
467028463,RPP Matematika,Rencana pelaksanaan pembelajaran ini membahas tentang mengurutkan bilangan sampai 100. Guru akan mendemonstrasi dan membimbing siswa melalui permainan untuk mengurutkan bilangan dari yang terbesar ke terkecil atau sebaliknya. Penilaian dilakukan dengan tes tertulis dan pengamatan terhadap sikap siswa.,47,5,Zayn Naldo,"June 26, 2020",https://imgv2-1-f.scribdassets.com/img/document/467028463/298x396/d0bd320d96/0?v=1
536346678,RPP Matematika PBL,"RPP ini membahas pelaksanaan pembelajaran matematika tentang balok di SMP Negeri 4 Sungai Apit. Pembelajaran ini bertujuan agar siswa dapat menemukan rumus luas permukaan balok, menghitung luas permukaan balok, dan menyelesaikan masalah terkait luas permukaan balok. Metode pembelajaran yang digunakan adalah problem based learning dengan menggunakan diskusi kelompok dan presentasi hasil diskusi.",69,6,Ismael Ismael,"November 1, 2021",https://imgv2-2-f.scribdassets.com/img/document/536346678/298x396/98453cb271/0?v=1
533112141,RPP Matematika,"Rangkuman dokumen ini adalah:
Rencana Pelaksanaan Pembelajaran (RPP) merupakan pedoman bagi guru dalam melaksanakan pembelajaran untuk mencapai kompetensi dasar. RPP berisi tentang standar kompetensi, tujuan pembelajaran, materi, metode, langkah kegiatan, sumber belajar, dan penilaian.",200,367,Indriastita Tita Ndut,"October 17, 2021",https://imgv2-1-f.scribdassets.com/img/document/533112141/298x396/021f6959b4/0?v=1
550822150,Supervisi RPP Matematika,"Rencana Pelaksanaan Pembelajaran (RPP) ini membahas pelajaran Matematika tentang debit untuk siswa kelas VI di SD IT Al Madinah Pontianak. Materi pembelajaran meliputi pengertian satuan volume, waktu, dan debit serta cara menghitung konversi satuan dan nilai debit. Metode pembelajaran menggunakan ceramah, diskusi, dan latihan secara individu maupun kelompok. Penilaian dilakukan untuk mengetahui penguasaan konsep dan sik",3,3,Real Madrid,"January 4, 2022",https://imgv2-1-f.scribdassets.com/img/document/550822150/298x396/710a0d4e0e/0?v=1
426329092,RPP Induksi Matematika Ketidaksamaan,Rencana pelaksanaan pembelajaran (RPP) ini membahas pembelajaran induksi matematika untuk siswa kelas XI SMA Negeri 10 Pekanbaru. Materi yang diajarkan adalah induksi matematika untuk membuktikan ketidaksamaan. Metode pembelajaran yang digunakan adalah pembelajaran berbasis masalah dan kooperatif untuk mengembangkan sikap jujur dan tanggung jawab siswa.,137,10,Fahira Arsyaf,"September 18, 2019",https://imgv2-2-f.scribdassets.com/img/document/426329092/298x396/78441d24ee/0?v=1
658742485,RPP Matematika Kelas 8,Rencana Pelaksanaan Pembelajaran (RPP) ini membahas pembelajaran daring untuk mata pelajaran Matematika di SMP Negeri 2 Parenggean. Pembelajaran akan dilaksanakan secara online melalui media seperti WhatsApp dan menggunakan strategi discovery learning. Materi yang diajarkan adalah pola bilangan dan konfigurasi obyek untuk siswa kelas VIII.,25,14,Sdyoko Susanto,"July 13, 2023",https://imgv2-2-f.scribdassets.com/img/document/658742485/298x396/d0eeb28b63/0?v=1
815001052,RPP Matematika,rpp matematika kelas 5,0,2,sdncisaat51,"January 13, 2025",https://imgv2-1-f.scribdassets.com/img/document/815001052/298x396/40c89751af/0?v=1
538170018,Perbaikan RPP Matematika,"RPP ini membahas pelajaran matematika kelas 4 tentang operasi hitung bilangan. Materi ajar meliputi sifat komutatif, penjumlahan dan perkalian dengan nol dan satu, serta pengidentifikasian sifat penyebaran dalam perhitungan. Tujuan pembelajaran antara lain agar siswa dapat memahami jenis operasi hitung dan melakukan berbagai operasi hitung secara disiplin, tekun dan bertanggung jawab. Metode pembelajaran menggun",49,3,Irna Widiarti,"November 8, 2021",https://imgv2-2-f.scribdassets.com/img/document/538170018/298x396/61e6b1e749/0?v=1
688452799,RPP Matematika,"Rencana Pelaksanaan Pembelajaran (RPP) ini membahas pembelajaran materi bilangan berpangkat untuk siswa kelas X di SMK Tri Guna Bhakti Surabaya. RPP ini menjelaskan kompetensi dasar, tujuan pembelajaran, kegiatan pendahuluan, inti, dan penutup yang meliputi pengamatan, penanyaan, pencarian informasi, penalaran, dan komunikasi. Penilaian pembelajaran mencakup soal tertulis untuk pengetahuan dan tugas unt",3,3,SMK TRI GUNA BHAKTI SURABAYA,"November 30, 2023",https://imgv2-2-f.scribdassets.com/img/document/688452799/298x396/6dad83365e/0?v=1
433338415,RPP Matematika Abad 21,"Rencana Pelaksanaan Pembelajaran (RPP) ini membahas tentang fungsi trigonometri pada mata pelajaran matematika untuk siswa kelas XI, dengan tujuan siswa dapat menentukan nilai fungsi trigonometri dan menyelesaikan masalah yang berkaitan dengan trigonometri. Pembelajaran akan menggunakan pendekatan saintifik dengan model discovery learning dan metode diskusi serta tanya jawab.",373,6,Try Suprayo,"November 4, 2019",https://imgv2-1-f.scribdassets.com/img/document/433338415/298x396/8dde42f552/0?v=1
492365160,RPP 3 Matematika,"Rencana pelaksanaan pembelajaran (RPP) ini membahas pelajaran statistika untuk siswa kelas VIII tentang analisis data dari distribusi data, nilai rata-rata, median, modus, dan sebaran data. RPP ini menjelaskan kompetensi dasar, tujuan pembelajaran, materi pembelajaran, metode pembelajaran, dan langkah-langkahnya.",69,29,Maryati,"January 27, 2021",https://imgv2-2-f.scribdassets.com/img/document/492365160/298x396/1b7b3e832b/0?v=1
